<?xml version="1.0" encoding="UTF-8" standalone="yes"?>
<rawentity UUID="e895b0d2-10e8-41d1-af97-4f4787133145" createdtime="UTC=2018-07-05T13:27:06.374898">
    <name>IMAGE band_of_rocks_wac_all_xrite_LWAC06_T00_P00_BS.png</name>
    <description>LWAC image. Last: 2018-07-05T13:27:06.374898</description>
    <rawEntityType>IMAGE</rawEntityType>
    <context>
        <attribute name="contextname" value="band_of_rocks_wac_all_xrite_LWAC06_T00_P00_BS.png"/>
        <attribute name="cameraname" value="LWAC"/>
    </context>
    <metadata>
        <attribute name="acli-Version" value="0.8.1.dev3+gebaa656.d20220803"/>
        <attribute name="acli-utc_iso" value="2023-02-02T16:29:19.193104"/>
        <attribute name="Session-ID" value="band_of_rocks"/>
        <attribute name="Dataproduct-ID" value="wac_all_xrite"/>
        <attribute name="Bit-Depth" value="12"/>
        <attribute name="Left-Aligned" value="True"/>

        <attribute name="Bigendian" value="true"/>
        <attribute name="Height" value="1024"/>
        <attribute name="Width" value="1024"/>
        <attribute name="Exposure-Time" value="0.976038"/>
        <attribute name="Gain" value="0"/>
        <attribute name="Camera-Temperature" value=""/>
        <attribute name="Stereo-Bench-Temperature" value=""/>
        <attribute name="Pan" value="21.1950"/>
        <attribute name="Tilt" value="-51.9943"/>
        <attribute name="Filter-Number" value="6"/>

        <!--<attribute name="Coordinate-System" value="Earth-Cartesian"/>-->
        <attribute name="Rover-GNC-Source" value="real-time"/>
        <attribute name="Rover-GNC-File-Name" value="$rover_gnc_file_name"/>
        <attribute name="Rover-GNC-Simulation-Time" value="$rover_gnc_sim_time"/>
        <attribute name="Rover-GNC-Pose-X" value="$rover_gnc_pose_x"/>
        <attribute name="Rover-GNC-Pose-Y" value="$rover_gnc_pose_y"/>
        <attribute name="Rover-GNC-Pose-Z" value="$rover_gnc_pose_z"/>
        <attribute name="Rover-GNC-Pose-qW" value="$rover_gnc_pose_qw"/>
        <attribute name="Rover-GNC-Pose-qX" value="$rover_gnc_pose_qx"/>
        <attribute name="Rover-GNC-Pose-qY" value="$rover_gnc_pose_qy"/>
        <attribute name="Rover-GNC-Pose-qZ" value="$rover_gnc_pose_qz"/>
    </metadata>
    <filename>band_of_rocks_wac_all_xrite_LWAC06_T00_P00_BS.png</filename>
</rawentity>
