<?xml version="1.0" encoding="UTF-8" standalone="yes"?>
<rawentity UUID="b0990536-6439-49f9-87d9-45ef0a21c42c" createdtime="UTC=2018-07-05T13:27:41.737156">
    <name>IMAGE band_of_rocks_wac_all_xrite_RWAC03_T00_P00_BS.png</name>
    <description>RWAC image. Last: 2018-07-05T13:27:41.737156</description>
    <rawEntityType>IMAGE</rawEntityType>
    <context>
        <attribute name="contextname" value="band_of_rocks_wac_all_xrite_RWAC03_T00_P00_BS.png"/>
        <attribute name="cameraname" value="RWAC"/>
    </context>
    <metadata>
        <attribute name="acli-Version" value="0.8.1.dev3+gebaa656.d20220803"/>
        <attribute name="acli-utc_iso" value="2023-02-02T16:29:53.735380"/>
        <attribute name="Session-ID" value="band_of_rocks"/>
        <attribute name="Dataproduct-ID" value="wac_all_xrite"/>
        <attribute name="Bit-Depth" value="12"/>
        <attribute name="Left-Aligned" value="True"/>

        <attribute name="Bigendian" value="true"/>
        <attribute name="Height" value="1024"/>
        <attribute name="Width" value="1024"/>
        <attribute name="Exposure-Time" value="0.042003"/>
        <attribute name="Gain" value="0"/>
        <attribute name="Camera-Temperature" value=""/>
        <attribute name="Stereo-Bench-Temperature" value=""/>
        <attribute name="Pan" value="21.1950"/>
        <attribute name="Tilt" value="-51.9943"/>
        <attribute name="Filter-Number" value="3"/>

        <!--<attribute name="Coordinate-System" value="Earth-Cartesian"/>-->
        <attribute name="Rover-GNC-Source" value="real-time"/>
        <attribute name="Rover-GNC-File-Name" value="$rover_gnc_file_name"/>
        <attribute name="Rover-GNC-Simulation-Time" value="$rover_gnc_sim_time"/>
        <attribute name="Rover-GNC-Pose-X" value="$rover_gnc_pose_x"/>
        <attribute name="Rover-GNC-Pose-Y" value="$rover_gnc_pose_y"/>
        <attribute name="Rover-GNC-Pose-Z" value="$rover_gnc_pose_z"/>
        <attribute name="Rover-GNC-Pose-qW" value="$rover_gnc_pose_qw"/>
        <attribute name="Rover-GNC-Pose-qX" value="$rover_gnc_pose_qx"/>
        <attribute name="Rover-GNC-Pose-qY" value="$rover_gnc_pose_qy"/>
        <attribute name="Rover-GNC-Pose-qZ" value="$rover_gnc_pose_qz"/>
    </metadata>
    <filename>band_of_rocks_wac_all_xrite_RWAC03_T00_P00_BS.png</filename>
</rawentity>
